{
    "TCP_0": {
        "calibrated_points": {
            "Set Point 1": [
                -0.35953,
                -0.13322,
                0.207,
                2.30114,
                0.27475,
                -0.30504
            ],
            "Set Point 2": [
                -0.35951,
                -0.13323,
                0.20699,
                2.30113,
                0.27479,
                -0.30498
            ],
            "Set Point 3": [
                -0.35952,
                -0.13322,
                0.207,
                2.30114,
                0.27477,
                -0.30503
            ],
            "Set Point 4": [
                -0.35951,
                -0.13322,
                0.20699,
                2.30114,
                0.27479,
                -0.30501
            ]
        },
        "TCP_coordinates": [
            0,
            0,
            0,
            0,
            0,
            0
        ]
    },
    "fsf": {
        "calibrated_points": {},
        "TCP_coordinates": [
            0.0,
            20.0,
            0.0,
            0.0,
            0.0,
            0.0
        ]
    },
    "petushara": {
        "calibrated_points": {},
        "TCP_coordinates": [
            0.01601667,
            -19.785449,
            0.10519248,
            0.0,
            0.0,
            0.0
        ]
    }
}